Timestamp,MovingTarget_X,MovingTarget_Y,EyeTracker_X,EyeTracker_Y
172949213876766,1003.0464928224126,549.4217425965362,773.780904,436.736583
172949213967954,960.2151090144946,629.712830374335,964.6227792000001,672.1579800000001
172949213972125,957.6865283802001,633.0440226463797,962.812944,680.02506
172949213976253,955.1198966780371,636.3293701650632,960.9094944000001,681.762546
172949213980347,952.5173120363906,639.5671374562895,958.592232,682.5897
172949213984450,949.8809348555887,642.7556893840505,954.28368,687.052395
172949213988537,947.212982665922,645.8934927659809,952.0394832,690.385743
172949213992612,944.5157248952038,648.9791176852012,950.36184,691.142067
172949213996714,941.7914775662049,652.0112384967719,946.5650352,697.3285500000001
172949214000857,939.0425979441696,654.9886345285241,945.376416,700.081335
172949214004946,936.2714791543652,657.9101904774823,941.083776,699.4376100000001
172949214009039,933.4805447892826,660.7748965044725,939.1030559999999,700.428204
172949214013238,930.6722435246506,663.5818480308903,936.4048272,701.872515
172949214017398,927.8490437628946,666.3302452428933,933.0108479999999,702.18783
172949214021561,925.0134283220333,669.0193923095544,930.782304,703.341936
172949214025692,922.1678891873162,671.6486963226832,929.2016592,704.61639
172949214029975,919.314922342098,674.2176659671655,925.8744384,707.7919499999999
172949214034216,916.4570226936175,676.7259099317046,923.606208,709.70886
172949214038425,913.5966791084253,679.1731350708224,917.5098240000001,718.89975
172949214042588,910.7363695712475,681.5591443298678,913.7634624,721.395405
172949214046759,907.8785564800621,683.8838344455813,909.7465968,723.49641
172949214050955,905.025682089129,686.147193435477,903.2288688,726.43158
172949214055221,902.1801641106354,688.3492978899287,900.850176,726.441714
172949214059330,899.3443914845334,690.4903100813885,897.0224544,726.458607
172949214063541,896.5207203250445,692.5704749055981,894.982896,728.6166000000001
172949214067706,893.7114700511877,694.5901166700227,893.34504,729.93951
172949214071950,890.9189197075989,696.5496357449902,888.514272,730.392876
172949214076054,888.1453044807986,698.4495050932071,887.043312,731.577555
172949214080193,885.3928124149996,700.2902666934069,882.5827248,732.3432300000001
172949214084403,882.6635813304779,702.0725278739098,880.499952,734.31882
172949214088559,879.95969594652,703.7969575717898,877.846608,735.402546
172949214092703,877.2831852099507,705.464282533219,872.043552,738.04608
172949214096951,874.6360198293107,707.0752834703271,870.3155519999999,738.76545
172949214101100,872.0201100138299,708.6307911896474,867.926592,739.86471
172949214105336,869.4373034154962,710.1316827068647,864.79056,742.3146899999999
172949214109449,866.8893832717024,711.578877362181,862.834968,743.7145499999999
172949214113554,864.3780667452074,712.9733329501614,858.2301504000001,744.4275299999999
172949214117746,861.9050034574439,714.3160418774139,856.5312240000001,745.5637800000001
172949214121965,859.471774210577,715.6080273609099,854.74152,746.69319
172949214126097,857.0798898931326,716.8503396791666,851.831568,749.56626
172949214130249,854.7307905635037,718.0440524878948,849.338064,750.924756
172949214134392,852.4258447051834,719.1902592110619,847.7531424,752.14017
172949214138563,850.1663486471896,720.290069517654,844.1951039999999,755.91648
172949214142682,847.9535261427952,721.3446058937325,841.0851359999999,758.317995
172949214146855,845.7885280994343,722.355000318661,836.75808,759.1599
172949214150995,843.6724324524026,723.3223910536894,835.177392,758.874825
172949214155222,841.6062441748527,724.2479195503333,833.233824,758.386395
172949214159365,839.5908954164466,725.1327274852857,831.5478,758.98791
172949214163519,837.6272457630066,725.9779539278622,830.0727360000001,759.149154
172949214167638,835.7160826094786,726.784732645275,827.9142336,760.36482
172949214171777,833.8581216385905,727.5541895503145,824.4223199999999,762.357726
172949214175957,832.0540073976641,728.2874402953253,822.776976,761.9245199999999
172949214180093,830.3043139661727,728.9855880156751,819.492696,762.4959660000001
172949214184229,828.6095457068091,729.6497212252509,819.7429824,762.3657
172949214188365,826.9701380930202,730.280911865864,819.3860639999999,762.73416
172949214192508,825.3864586062102,730.8802135118128,817.0071839999999,763.714116
172949214196680,823.8588076960642,731.4486597302463,818.4237696,764.9172
172949214200901,822.3874197977236,731.9872625973817,817.492176,765.383796
172949214205115,820.9724643998578,732.4970113700665,816.4277279999999,765.541665
172949214209274,819.6140471579901,732.9788713116329,815.5638000000001,765.549495
172949214213438,818.3122110477585,733.4337826704872,814.0407408,766.505385
172949214217613,817.0669375531527,733.862659809374,813.0826943999999,766.525446
172949214221751,815.8781478850934,734.2663904828078,812.9407679999999,766.59633
172949214225939,814.7457042260933,734.6458352597165,810.392112,767.98206
172949214230011,813.6694109970671,735.0018270879373,808.44012,770.14026
172949214234261,812.6490161427314,735.335170996819,805.22136,772.872363
172949214238422,811.6842124323525,735.6466439338283,804.112416,773.7808229999999
172949214242561,810.7746387729612,735.9369947307246,802.08576,776.185047
172949214246703,809.919881532458,736.2069441945613,797.2007616,775.838133
172949214250863,809.1194758703612,736.4571853184907,795.7282464,775.02699
172949214254954,808.3729070742397,736.6883836070931,794.7604224,774.83934
172949214259051,807.6796119001688,736.9011775107167,792.7899120000001,775.534455
172949214263206,807.038979915794,737.0961789631099,791.9413056,774.3207600000001
172949214267342,806.4503548448662,737.2739740164373,792.172944,773.678574
172949214271437,805.9130359123072,737.4351235676158,789.7011264,774.63567
172949214275551,805.4262791891051,737.5801641697582,788.5208736,775.7871299999999
172949214279652,804.9892989365026,737.7096089224026,785.710944,776.54898
172949214283730,804.6012689491243,737.8239484341043,783.2932704,775.552365
172949214287802,804.2613238968243,737.9236518508934,781.707456,776.68191
172949214291944,803.9685606651653,738.0091679440438,780.1769231999999,778.863825
172949214296065,803.7220396945359,738.0809262505704,779.4799776,779.476707
172949214300175,803.520786317999,738.139338259848,778.0878,780.185673
172949214304347,803.3637920980217,738.1847986397579,777.567168,780.8846040000001
172949214308409,803.2500161622703,738.2176864957835,777.4178976,781.7707800000001
172949214312549,803.1783865386861,738.2383666565242,777.4542,782.7485399999999
172949214316682,803.1478014900507,738.2471909791509,777.1425119999999,784.6664039999999
172949214320852,803.1571308482281,738.2444996684077,777.252672,785.18367
172949214324941,803.2052173482521,738.2306226028562,777.4584911999999,786.90753
172949214329097,803.2908779623715,738.2058806621706,776.9330352,789.27174
172949214333260,803.4129052341012,738.1705870494192,777.1132799999999,789.9244199999999
172949214337367,803.5700686122599,738.1250486024119,777.0914783999999,788.6039940000001
172949214341477,803.7611157848874,738.0695670883522,777.3724800000001,788.9507550000001
172949214345630,803.9847740128442,738.0044404762043,777.878352,789.23952
172949214349790,804.2397514627838,737.9299641813759,777.7503360000001,789.296004
172949214353953,804.5247385391003,737.8464322775196,778.098816,789.4517940000001
172949214358066,804.8384092143175,737.75413867047,777.7737504,789.562404
172949214362151,805.1794223572944,737.6533782295589,777.1913856,789.98058
172949214366230,805.5464230584879,737.5444478717998,777.204432,790.543125
172949214370313,805.9380439514117,737.427647594669,776.4147936,792.261936
172949214374445,806.3529065293042,737.3032814534865,776.3164272,792.4490099999999
172949214378577,806.789622455923,737.1716584796598,776.4458400000001,792.50823
172949214469829,819.0747633550881,733.1681325045834,826.327656,775.698606
172949214474028,819.626903127721,732.9743454329026,826.888608,777.32199
172949214478118,820.1677896389103,732.783333877467,827.494128,778.14189
172949214482283,820.6961674154628,732.5956154434054,827.846784,779.977584
172949214486470,821.2107983047882,732.4117106398165,828.5986512000001,780.0615
172949214490635,821.7104620827367,732.2321418671448,828.9536544,780.004836
172949214494802,822.1939570228694,732.0574323573267,829.362888,779.845194
172949214498919,822.6601004276052,731.8881050704233,829.4410799999999,780.102036
172949214503049,823.1077291218654,731.7246815515673,829.95408,780.272523
172949214507204,823.535699910025,731.5676807521439,830.2410288,781.16184
172949214511353,823.9428899971555,731.4176178192106,830.0478240000001,781.23771
172949214515414,824.3281973757257,731.2750028572244,831.983904,767.0695049999999
172949214519612,824.690541179092,731.1403396662046,833.071968,759.6891360000001
172949214523816,825.0288620032753,731.0141244604922,832.9862304000001,763.420203
172949214528039,825.3421221986782,730.8968445723069,832.580928,766.00188
172949214532172,825.6293061335483,730.7889771443051,832.8476159999999,766.5720299999999
172949214536503,825.8894204311225,730.6909878153572,832.467456,769.860396
172949214540586,826.12149418252,730.60332940375,832.851072,771.8436
172949214544839,826.3245791375614,730.5264405920063,833.2442352,774.13293
172949214549046,826.4977498758026,730.4607446174793,833.664888,776.60469
172949214553137,826.6401039601391,730.4066479728516,833.944536,778.99968
172949214557271,826.7507620754373,730.3645391206123,834.3285119999999,780.356844
172949214561482,826.8288681546779,730.3347872255429,835.2333648,781.93881
172949214565613,826.873589495163,730.3177409091679,835.95348,782.3886749999999
172949214569841,826.8841168673436,730.313727030069,837.200448,784.47348
172949214573951,826.8596646188535,730.3230494938762,837.754704,784.332954
172949214578057,826.7994707763005,730.3459880966769,838.0967039999999,785.243025
172949214582176,826.7027971473755,730.3827974054864,839.178432,785.726307
172949214586334,826.5689294257605,730.4337056793411,839.5222319999999,786.18789
172949214590471,826.3971773012884,730.4989138344714,839.728152,786.44277
172949214594551,826.1868745777074,730.5785944569154,840.349584,786.9582899999999
172949214598670,825.9373793003306,730.6728908658224,840.41136,786.567024
172949214602812,825.648073895718,730.781916230595,840.1569552,786.2860350000001
172949214607041,825.3183653254393,730.9057527448972,840.1161024,785.74617
172949214611197,824.9476852557982,731.0444508604464,840.2842079999999,785.39319
172949214615413,824.5354902452679,731.1980285833838,840.85056,785.0839500000001
172949214619626,824.0812619511944,731.3664708358956,840.9356064,785.02851
172949214623758,823.5845073571651,731.5497288856329,840.8948399999999,784.0089449999999
172949214627850,823.0447590222185,731.7477198453485,841.234608,783.874944
172949214631920,822.4615753528897,731.9603262450307,841.394448,783.487197
172949214636142,821.8345408988484,732.1873956786885,841.393944,783.278307
172949214640253,821.163266672675,732.4287405277892,841.7632752,783.736326
172949214644338,820.4473904940704,732.684137763214,841.0798080000001,783.85941
172949214648544,819.6865773585691,732.9533288274481,839.891808,783.3236939999999
172949214652621,818.880519830569,733.236019598561,839.2400640000001,783.498357
172949214656832,818.0289384602386,733.5318804373835,838.3181184,783.661815
172949214660919,817.1315822236144,733.8405463191214,837.2469600000001,785.58093
172949214665083,816.1882289849395,734.1616170504751,836.8212384,786.3457500000001
172949214669230,815.1986859800454,734.4946575731656,835.9938288,786.162546
172949214673385,814.1627903193147,734.8391983545818,835.473744,786.179763
172949214677527,813.080409508524,735.1947358660841,835.0381439999999,786.731814
172949214681646,811.9514419856052,735.5607331493038,833.982624,787.6611449999999
172949214685757,810.775817671138,735.9366204705796,833.7988799999999,787.507506
172949214689983,809.5534985301373,736.3217960634724,833.57784,788.04774
172949214694208,808.2844791424902,736.7156269590815,833.121216,787.774977
172949214698419,806.9687872791695,737.1174499036772,832.7359439999999,788.017293
172949214702637,805.6064844811614,737.5265723629325,831.947328,787.82346
172949214706798,804.1976666378464,737.9422736118163,831.2003568,788.07294
172949214710988,802.7424645614055,738.3638059089673,830.3893919999999,788.7197699999999
172949214715164,801.241044553663,738.7903957541347,828.4398624,788.2869059999999
172949214719316,799.6936089616371,739.2212452270228,827.681904,788.16744
172949214723486,798.1003967179511,739.6555334056276,826.7515776,788.3015399999999
172949214727665,796.4616838621499,740.0924178619025,824.195232,788.824476
172949214731978,794.7777840388904,740.5310362323328,822.5069040000001,789.396426
172949214736255,793.0490489689121,740.9705078607409,820.769688,791.7380999999999
172949214740436,791.2758688886585,741.409935510385,819.8663039999999,791.42292
172949214744508,789.4586729544034,741.8484071421553,818.913312,791.20458
172949214748648,787.5979296067495,742.2849977554115,816.769296,791.68797
172949214752742,785.6941468913935,742.7187712877533,815.9422319999999,792.51039
172949214756819,783.7478727321213,743.1487825697545,813.68784,792.99594
172949214761103,781.7596951520725,743.574079330453,812.4656544000001,793.238373
172949214765272,779.7302424394179,743.9937042491358,811.092384,792.787005
172949214769432,777.6601832537393,744.4066970487343,808.512192,792.7089569999999
172949214773591,775.5502266695481,744.8120966259048,807.2483472,792.6161400000001
172949214777762,773.401122153562,745.2089432126681,806.22036,791.957187
172949214781922,771.2136594725706,745.5962805642648,804.4822079999999,793.541196
172949214786100,768.9886685289376,745.9731581676992,802.9227456,794.20338
172949214790253,766.7270191210555,746.3386334652647,800.1651744,794.21283
172949214794376,764.4296206263153,746.6917740871858,799.0110143999999,793.43433
172949214798556,762.0974216044705,747.0316600873642,797.5090656,793.72872
172949214802755,759.7314093195644,747.3573861760983,793.6352639999999,794.502495
172949214806958,757.3326091789281,747.6680639435367,790.8995520000001,794.83707
172949214811062,754.9020840880925,747.9628240675465,788.3059680000001,795.095046
172949214815132,752.4409337208212,748.2408184996166,781.1995104000001,796.6973700000001
172949214819265,749.9502937038233,748.5012226223785,778.3858944,797.6246940000001
172949214823344,747.4313347161064,748.7432373723177,772.5426336,799.168356
172949214827442,744.8852615032944,748.9660913212612,769.166352,800.1197999999999
172949214831565,742.3133118076336,749.1690427102633,766.5224688,802.199574
172949214835725,739.716755214813,749.351381429582,761.053248,805.2498
172949214839937,737.0968919191109,749.5124309385276,759.288528,807.3623699999999
172949214844154,734.4550514087731,749.6515501190837,757.5105024000001,808.43616
172949214848269,731.7925910739359,749.7681350573521,754.582752,809.640936
172949214852457,729.1108947397723,749.8616207470386,752.542272,811.2395700000001
172949214856623,726.411371127933,749.9314827094013,745.1377488,815.2218
172949214860798,723.6954522497128,749.9772385243089,737.633664,813.11418
172949214864947,720.9645917347326,749.9984492673009,730.4397552,811.31337
172949214869142,718.2202630992618,749.9947208478245,716.0144544,807.898095
172949214873253,715.4639579586345,749.9657052441145,710.7849648,809.19918
172949214877341,712.6971841885079,749.9111016305055,705.119184,809.28135
172949214881450,709.921464040004,749.8306573933078,696.838248,807.5677499999999
172949214973038,649.7242356624378,741.6527334807124,650.2000752,698.487786
172949214977192,647.1662347603593,741.0244708628759,648.7404912000001,703.13103
172949214981382,644.6349984896411,740.379263287418,638.225424,724.1862600000001
172949214985536,642.1317814531301,739.7180362703311,635.991624,736.8900299999999
172949214989645,639.6578066885318,739.0417478045389,634.8274128,753.26139
172949214993772,637.2142647031252,738.351386387088,633.7648800000001,756.8257229999999
172949214997966,634.8023126032334,737.6479689868205,632.627712,759.54186
172949215002110,632.4230733197021,736.932538958609,631.3039200000001,762.682275
172949215006305,630.0776349302315,736.2061639103171,628.6202352,764.2876769999999
172949215010413,627.7670500789706,735.4699335286728,627.9118272,763.07067
172949215014535,625.4923354933917,734.7249573702776,622.9918368,760.60629
172949215018657,623.2544715980372,733.9723626239445,616.4779679999999,756.75627
172949215022754,621.0544022243383,733.2132918505362,612.576072,757.490373
172949215026805,618.8930344153125,732.4489007064053,604.309032,753.0291
172949215030957,616.7712383235645,731.6803556564598,605.5574832,751.41432
172949215035049,614.6898472006416,730.9088316827647,596.593584,748.558935
172949215039161,612.6496574754556,730.1355099944722,592.16364,746.39808
172949215043314,610.6514289191255,729.3615757447164,583.7207328,742.303386
172949215047481,608.6958848932956,728.5882157599519,579.7341648,745.3439099999999
172949215051704,606.7837126786692,727.8166162870282,577.542384,744.1746029999999
172949215055933,604.9155638802283,727.0479607631037,543.8495952,757.75752
172949215059988,603.0920549053379,726.2834276132817,571.8396672,746.909703
172949215064183,601.3137675107164,725.5241880806469,569.270232,744.88968
172949215068365,599.5812494140213,724.7714040931331,564.280128,740.546856
172949215072440,597.8950149656205,724.0262261714267,564.3787104,740.81583
172949215076653,596.255545875954,723.2897913818624,529.3293120000001,746.94663
172949215080801,594.6632919937463,722.5632213380138,565.0572384000001,745.546815
172949215084964,593.1186721302142,721.8476202544358,564.0670944,746.039484
172949215089051,591.6220749243307,721.1440730557573,563.040432,746.895807
172949215093169,590.1738597441224,720.453643544067,531.129888,759.25683
172949215097418,588.7743576189583,719.7773726272887,532.5631632000001,763.422237
172949215101492,587.4238721977483,719.1162766109865,553.3429824,761.878683
172949215105758,586.1226807279896,718.4713455557971,553.6648799999999,762.491943
172949215109948,584.8710350506205,717.843541702445,554.3922672,763.18578
172949215114092,583.6691626056944,717.2337979660646,554.649696,763.779726
172949215118297,582.5172674439597,716.643016501322,554.931144,763.61247
172949215122475,581.4155312395228,716.0720673396145,554.25816,763.64055
172949215126610,580.3641142988891,715.5217870994136,554.5529280000001,764.84961
172949215130788,579.363156561801,714.9929777706185,554.7726144,764.987256
172949215135041,578.4127785894511,714.486405573595,554.9488704,764.6038199999999
172949215139165,577.5130825358128,714.0027998933987,554.252976,764.076915
172949215143327,576.6641530980057,713.5428522895054,554.2005168,763.999614
172949215147545,575.8660584418241,713.1072155812233,553.6960848,764.323137
172949215151694,575.1188510987562,712.6965030088061,553.914432,764.95572
172949215155809,574.4225688310484,712.3112874701528,553.807728,766.1718
172949215159957,573.7772354616021,711.9521008328588,554.132016,767.03409
172949215164078,573.1828616657357,711.6194333212605,554.225904,767.0578499999999
172949215168280,572.6394457220918,711.3137329780195,554.38668,767.39085
172949215172466,572.1469742202307,711.035405199691,554.812488,766.644534
172949215176535,571.7054227227188,710.7848123456434,555.3247248,766.453995
172949215180659,571.314756379783,710.5622734196122,556.320384,767.581056
172949215184756,570.9749304948842,710.3680638231106,556.5432672000001,767.46366
172949215188835,570.6858910398292,710.2024151798562,556.188768,768.08115
172949215192976,570.447575118324,710.0655152303177,556.0810272,767.77146
172949215197059,570.259911377144,709.9575077954457,556.2222624,767.849976
172949215201138,570.1228203643766,709.8784928086029,555.858504,768.13605
172949215205219,570.0362148344568,709.8285264146775,555.6484800000001,767.52657
172949215209438,570.0,709.8076211353316,555.665472,767.23542
172949215213614,570.0140737306876,709.8157460993009,555.0650928,766.809873
172949215217792,570.0783266997339,709.8528273366451,554.61276,767.59551
172949215222049,570.1926424787098,709.9187481358133,554.1965712,766.92546
172949215226142,570.3568975817569,710.0133494623751,553.5374687999999,765.4423499999999
172949215230307,570.5709614604489,710.1364304382324,552.4224912000001,764.28603
172949215234437,570.8346964508092,710.287748880115,551.8603008,762.18327
172949215238576,571.1479576741999,710.4670218961284,550.8569376,761.9345999999999
172949215242766,571.5105928940156,710.6739265391022,550.3176,761.7789
172949215247052,571.9224423303194,710.9081005154544,549.4869072,761.73525
172949215251190,572.3833384347382,711.1691429482568,549.207504,761.714316
172949215255402,572.893105628126,711.4566151931565,549.045072,761.05566
172949215259580,573.4515600036538,711.7700417057638,548.8476912,760.7662200000001
172949215263799,574.0585089981458,712.1089109590814,549.0821808000001,760.99707
172949215268104,574.7137510346179,712.4726764095055,549.2090304,760.776345
172949215272276,575.4170751390914,712.8607575098741,549.1446624,760.826394
172949215276392,576.1682605348751,713.2725407679966,549.120096,760.65804
172949215280564,576.9670762175912,713.7073808490304,549.0682272,760.603023
172949215284797,577.8132805143088,714.164601720021,549.1798992,760.34295
172949215288918,578.7066206302068,714.6434978348489,549.571536,760.915233
172949215293035,579.646832186237,715.1433353577677,549.79344,760.856013
172949215297216,580.6336387512954,715.6633534236432,549.806256,760.8195900000001
172949215301350,581.6667513724162,716.2027654329291,550.2334175999999,761.01021
172949215305454,582.7458681065191,716.7607603793463,550.29204,760.91886
172949215309626,583.8706735572096,717.3365042081462,550.601136,762.17922
172949215313770,585.0408384201144,717.9291412027709,551.0200608,763.99731
172949215317888,586.2560190401846,718.5377953976322,550.6885008,763.77105
172949215322073,587.5158569843361,719.161572014664,550.6630848,765.016596
172949215326277,588.8199786327272,719.7995589212144,551.0979072,765.5283
172949215330487,590.1679947918805,720.4508281067722,551.7463968000001,765.623583
172949215334758,591.5595003327529,721.1144371759422,552.3422832,767.73726
172949215339003,592.9940738567419,721.7894308550156,552.8040912,769.16376
172949215343175,594.4712773924865,722.4748425094066,553.2801552,771.18714
172949215347347,595.9906561261799,723.1696956691658,553.9556448,772.2773099999999
172949215351468,597.5517381679551,723.8730055597136,556.4858832,772.94826
172949215355628,599.1540343567414,724.5837806348881,558.82404,772.951914
172949215359739,600.7970381058193,725.3010241093457,561.034368,774.8369730000001
172949215363924,602.480225291108,726.023735487315,562.22496,775.52415
172949215368081,604.2030541840369,726.7509120846667,565.1933184000001,775.46034
172949215372264,605.9649654306485,727.481550541233,566.154864,774.76401
172949215376431,607.7653820783715,728.2146483202962,567.581184,771.480666
172949215380594,609.6037096516953,728.9492051921511,569.7140688000001,771.7855500000001
172949215384740,611.4793362777558,729.6842246986475,571.7856383999999,772.753644
172949215476219,660.7445580742511,744.0897696319684,607.4306495999999,783.42588
172949215480342,663.2751155880167,744.5883356286313,609.209712,784.37997
172949215484443,665.8242656436114,745.0677715490901,611.7244992,785.4968160000001
172949215488495,668.3911431604312,745.5275383034767,616.0090464,784.85103
172949215492651,670.9748846992791,745.9671232920153,616.9010832,784.33515
172949215496776,673.5746295692943,746.3860404613749,618.260832,783.6778529999999
172949215501045,676.1895209370157,746.7838302944954,621.374544,784.47888
172949215505149,678.8187069344489,747.1600597345632,621.4331520000001,783.762606
172949215509194,681.461341763012,747.5143220439861,623.3228928,784.717695
172949215513373,684.1165867903007,747.8462365993937,625.2453648,785.488554
172949215517637,686.7836116366245,748.155448623857,626.5890432,785.774754
172949215521709,689.4615952483457,748.4416288576782,629.884656,787.35249
172949215525942,692.149726955113,748.7044731692602,631.3554432,787.16421
172949215530066,694.847207508152,748.943702107708,633.1165056,787.52466
172949215534162,697.5532500968714,749.1590603989564,637.4616912,787.5312749999999
172949215538303,700.2670813411313,749.3503163873431,639.3380832,787.83903
172949215542520,702.9879422566192,749.5172614246729,643.1860368,788.0000670000001
172949215546716,705.715089190896,749.6597092089224,645.451488,787.56075
172949215550977,708.447794727779,749.7774950748446,646.9891488000001,787.30695
172949215555184,711.1853485578592,749.8704752388164,649.4033088,788.8356
172949215559417,713.9270583130668,749.9385260003575,651.2187168,790.27974
172949215563630,716.6722503633265,749.9815429028187,654.917256,789.8300999999999
172949215567783,719.4202705734849,749.9994398557972,657.6449472,790.227594
172949215572051,722.1704850188152,749.9921482218879,659.8732896,790.70139
172949215576158,724.9222806575451,749.9596158704173,670.4282880000001,788.77242
172949215580326,727.6750659589854,749.9018062008383,678.3715584,787.806846
172949215584453,730.4282714859766,749.8186971384787,685.355616,786.1233599999999
172949215588592,733.1813504305035,749.7102801053516,697.7309328,789.7051799999999
172949215592744,735.9337791014588,749.5765589687317,702.7432272,790.38144
172949215596794,738.6850573636764,749.41754897019,707.7554352,791.29152
172949215600936,741.4347090274639,749.2332756377672,710.8922016,792.498726
172949215605057,744.1822821880206,749.0237736839313,713.3779872,792.35343
172949215609160,746.9273495142191,748.7890858919366,716.7443039999999,791.55315
172949215613294,749.6695084863602,748.529261993155,718.437744,790.11252
172949215617511,752.4083815826266,748.2443575379002,720.2484863999999,789.27336
172949215621653,755.14361641406,747.9344327622127,722.69712,786.194406
172949215625716,757.8748858079925,747.599551453008,724.2426144,784.967085
172949215629808,760.6018878399674,747.2397798139252,725.271408,784.33317
172949215633956,763.3243458142566,746.8551853341402,727.819344,783.532044
172949215638119,766.0420081931946,746.4458356623311,729.6283152,783.511605
172949215642268,768.7546484756036,746.0117974879047,733.5106128,782.85114
172949215646504,771.4620650246657,745.553135431511,735.887664,782.652393
172949215650670,774.1640808456741,745.0699109467844,738.4344480000001,790.65504
172949215654728,776.8605433141391,744.5621812351696,743.9101056000001,792.006966
172949215658841,779.5513238547911,744.0299981755974,747.5272704,793.2899249999999
172949215662907,782.236317572068,743.4734072706908,750.317976,792.907173
172949215667059,784.915442832708,742.8924466110955,755.316288,792.6818400000001
172949215671247,787.5886408011233,742.2871458594386,765.801504,792.6327
172949215675461,790.255874928243,741.6575252553362,772.4988576000001,794.13579
172949215679583,792.9171303945418,741.0035946427902,771.871176,794.71503
172949215683830,795.572413508008,740.3253525212269,771.931728,794.7324
172949215688055,798.2217510577937,739.6227851213584,773.175312,792.410805
172949215692226,800.8651896243229,738.8958655069717,773.813088,791.6174100000001
172949215696343,803.5027948466299,738.1445527036763,773.8635599999999,791.857305
172949215700541,806.1346506477,737.368790855581,773.877384,791.9141400000001
172949215704746,808.7608584185978,736.5685084108051,774.3672,792.272826
172949215708830,811.3815361621556,735.7436173366689,775.8619199999999,790.921854
172949215713063,813.9968175969838,734.8940123653696,777.459168,787.91373
172949215717114,816.606851222574,734.0195702708872,778.9421664,784.937844
172949215721251,819.2117993462427,733.1201491778373,780.8834879999999,783.8465130000001
172949215725381,821.8118370726564,732.1955879029488,784.2704544,784.19322
172949215729567,824.4071512566753,731.245705329816,795.1947264,776.26359
172949215733772,826.9979394202273,730.2702998175607,799.9866720000001,774.540585
172949215737948,829.5844086339324,729.2691486440121,805.4103743999999,769.96926
172949215742019,832.1667743641691,728.2420074840202,813.3000480000001,763.1046
172949215746110,834.7452592862827,727.1886099235028,819.1217376,761.058837
172949215750251,837.3200920646095,726.1086670098415,824.2313760000001,760.78773
172949215754395,839.8915061000089,725.0018668392481,827.687808,758.97783
172949215758618,842.4597382455744,723.86787418174,829.954224,759.9109050000001
172949215762803,845.0250274912064,722.7063301443937,834.278256,759.84642
172949215766943,847.5876136177325,721.5168518735663,836.099568,760.73139
172949215771170,850.147735821262,720.299032296823,838.333584,758.27925
172949215775293,852.7056313084931,719.0524399053356,840.574224,756.97983
172949215779534,855.261533863692,717.7766185775772,842.385384,759.43818
172949215783678,857.8156723880873,716.4710874451849,843.8867280000001,761.115375
172949215787937,860.3682694124741,715.135340801914,847.100448,761.066775
172949215792071,862.9195395838258,713.7688480566787,847.8041327999999,761.2508339999999
172949215796306,865.4696881267794,712.3710537317285,851.7557664000001,763.63983
172949215800437,868.0189092808972,710.941377507082,852.7593024,763.57719
172949215804628,870.5673847146613,709.479214312413,854.755344,763.37748
172949215808733,873.1152819172319,707.9839344676459,856.598832,764.911827
172949215812813,875.6627525690621,706.4548838736025,858.1547088,765.65943
172949215816915,878.2099308925377,704.8913842541141,861.0312384,766.29078
172949215821074,880.7569319839126,703.2927334510797,864.466992,767.58129
172949215825171,883.3038501278909,701.6582057740366,865.9105920000001,766.2918599999999
172949215829408,885.8507570963172,699.9870524058764,869.105376,764.453016
172949215833551,888.3977004325532,698.2785018664083,871.1512704,764.223894
172949215837639,890.9447017232287,696.5317605355472,872.6898239999999,764.331075
172949215841764,893.4917548592025,694.7460132379573,874.6887888,763.137387
172949215845939,896.0388242876937,692.9204238910481,875.5164576,761.97069
172949215850162,898.5858432576946,691.0541362182739,876.394512,760.6047599999999
172949215854290,901.1327120609466,689.1462745297242,879.669288,756.20493
172949215858545,903.6792962709043,687.1959445720465,881.2494720000001,752.67558
172949215862648,906.2254249823078,685.2022344497578,887.63184,747.5708159999999
172949215866792,908.7708890541551,683.1642156200301,889.3264320000001,744.78591
172949215870940,911.3154393590511,681.0809439630478,891.1184112,740.83788
172949215875081,913.8587850421293,678.9514609300179,897.148656,732.2744700000001
172949215879241,916.4005917929233,676.7747947709126,902.4801696000001,729.2745000000001
172949215883401,918.9404801337867,674.5499618439924,907.0246080000001,725.354235
172949215887605,921.478023728685,672.2759680091021,907.9400159999999,724.72554
172949215979006,975.1553813624801,607.7838121030398,952.8574608,490.66659
172949215983251,977.3917081937179,604.1087556017502,941.898816,410.817375
172949215987371,979.5978444109553,600.3627586112513,941.0011199999999,394.874865
172949215991573,981.7718071619463,596.5452864310851,939.206088,388.30536
172949215995777,983.9115476884017,592.6558621182896,943.1704800000001,377.15121
172949216000029,986.0149524008392,588.6940701658843,947.0376000000001,381.00032999999996
172949216004188,988.079844155701,584.6595602155861,951.5768688,400.399407
172949216008412,990.1039837414344,580.5520507958681,966.7706400000001,466.32771
172949216012518,992.0850715799114,576.3713330757988,974.6406000000001,496.62369
172949216016691,994.0207496491776,572.1172746244478,983.4960096000001,536.722794
172949216020914,995.9086036330899,567.7898231649853,984.44952,547.1494200000001
172949216025171,997.7461653029252,563.3890103119354,986.9076864,551.077704
172949216029280,999.5309151354834,558.914955279425,989.790408,555.4931399999999
172949216033437,1001.2602851716276,554.3678685476267,992.7654624,559.777455
172949216037593,1002.9316621185344,549.7480554739963,994.3663680000001,557.8542
172949216041797,1004.5423906982185,545.0559198353391,994.667616,557.580294
172949216045968,1006.0897772441269,540.2919672861644,995.325984,556.83018
172949216050095,1007.5710935467687,535.456808718297,995.706792,555.5045700000001
172949216054308,1008.9835809484514,530.5511635062453,995.9962176,556.5915
172949216058549,1010.324454686276,525.5758626223775,996.879024,558.798336
172949216062686,1011.59090848153,520.5318516056111,998.031312,562.17681
172949216066820,1012.780119372586,515.4201933669895,998.4630815999999,562.3245000000001
172949216070964,1013.889252787317,510.2420708152741,998.9298288,559.490994
172949216075146,1014.9154678499078,504.99878928549236,999.800208,557.77707
172949216079285,1015.8559229157582,499.6917787532799,1001.0702879999999,554.15457
172949216083464,1016.7077813269661,494.3225958178129,1001.3722560000001,545.19759
172949216087672,1017.4682173796309,488.89292543618546,1003.0878,543.276927
172949216091937,1018.1344224929423,483.40458239223733,1003.82112,534.6117899999999
172949216096062,1018.7036115687367,477.85951248305037,1004.6276639999999,529.8471
172949216100254,1019.1730295288862,472.2597934066828,1006.1986608,524.453076
172949216104358,1019.5399580165813,466.60763533513204,1011.256056,514.2075299999999
172949216108438,1019.8017222462529,460.9053811570563,1012.5279792000001,509.36724000000004
172949216112544,1019.955697985574,455.1555063754269,1013.7016368000001,504.91512
172949216116647,1019.9993186516999,449.36061864602044,1017.896976,498.38426999999996
172949216120789,1019.9300825026357,443.5234569435464,1018.524456,500.53239
172949216125055,1019.7455599034047,437.6468903431383,1018.8658944,500.98805999999996
172949216129183,1019.4434006454953,431.7339164060438,1018.3479840000001,497.76624000000004
172949216133311,1019.0213412969458,425.78765915952357,1018.4432544,495.427824
172949216137422,1018.4772125593506,419.8113666622637,1017.7886304,488.541627
172949216141633,1017.8089466070797,413.80840814800325,1017.790128,484.6037400000001
172949216145777,1017.0145843830965,407.782270741589,1017.666432,479.65319999999997
172949216149873,1016.0922828249246,401.7365557432453,1019.4569280000001,470.0358
172949216154031,1015.0403219936127,395.6749744785579,1021.489344,464.1561
172949216158158,1013.8571120779204,389.6013437134193,1021.7113919999999,459.746343
172949216162242,1012.5412002454714,383.51958063505424,1022.1569856,448.448877
172949216166375,1011.0912773122493,377.4336974021471,1021.076064,443.67411599999997
172949216170460,1009.5061842015908,371.34779526908,1018.865376,438.78686400000004
172949216174550,1007.7849181637416,365.2660582913287,1016.3563776000001,435.3273
172949216178753,1005.9266387271095,359.1927466211155,1015.6482719999999,432.35901
172949216182954,1003.9306733525689,353.13218940454556,1014.5158992,426.88885500000004
172949216187010,1001.7965227625455,347.08877729354197,1012.1573664,424.12902299999996
172949216191188,999.5238659171649,341.0669545880462,1010.9139839999999,421.28893800000003
172949216195365,997.1125646104435,335.0712110260325,1010.0449007999999,414.571617
172949216199407,994.5626676603918,329.10607324100476,1008.9534816,412.227198
172949216203675,991.8744146679378,323.17609590867255,1007.8368479999999,404.79420600000003
172949216207822,989.0482393208001,317.2858526065231,1006.598448,401.87736
172949216211952,986.0847722198112,311.4399264119305,1004.7029759999999,396.756864
172949216216031,982.9848432067481,305.64290026631147,996.14016,380.837313
172949216220115,979.7494831744133,299.89934713458047,992.3322240000001,369.657378
172949216224274,976.3799253415767,294.2138199908363,988.5549599999999,360.078678
172949216228453,972.8776059773786,288.59084166271833,980.8612704,346.58658
172949216232533,969.2441645619297,283.0348945682789,977.5921391999999,341.59085999999996
172949216236708,965.4814433721083,277.5504103804641,975.09024,336.998853
172949216240806,961.5914864839293,272.1417596553779,969.8006015999999,330.022917
172949216244934,957.5765381853315,266.8132414614154,967.4860896,326.38487399999997
172949216249158,953.4390407958147,261.5690730470978,963.5710175999999,319.289625
172949216253196,949.1816318919812,256.41337958596296,960.66216,315.317916
172949216257387,944.8071409407546,251.3501840372267,958.4551584,310.629042
172949216261536,940.3185853447875,246.38339716105767,954.539712,301.253562
172949216265719,935.7191659073437,241.51680772724168,952.175808,298.706355
172949216269859,931.0122617267224,236.7540729557228,950.166288,295.443495
172949216274076,926.2014245330647,232.09870922701083,946.403856,290.361978
172949216278310,921.290372483126,227.55408309972432,944.6086944000001,288.637074
172949216282471,916.2829834313026,223.12340267161315,938.6912735999999,285.338655
172949216286538,911.1832876978219,218.80970931924534,936.543312,283.00203000000005
172949216290616,905.9954603575842,214.61586985021623,934.6113071999999,280.587573
172949216294784,900.7238130755655,210.54456910016,927.376704,276.076935
172949216298950,895.3727855170551,206.59830300511672,924.1594560000001,275.089023
172949216303082,889.9469363631831,202.77937217786987,921.331872,272.88453599999997
172949216307261,884.4509339642567,199.0898760147696,914.565312,264.12093
172949216311321,878.889546665303,195.5317073572927,910.784304,258.157278
172949216315543,873.2676328399334,192.10654773018496,894.2236848,252.90441
172949216319769,867.5901306701466,188.81586317548096,889.936848,249.076692
172949216323905,861.8620477110225,185.66090069905363,886.179888,246.635532
172949216328114,856.0884502803418,182.6426853435745,879.886224,241.20234
172949216332268,850.2744527140603,179.76201789894145,876.4056576,240.28395300000003
172949216336347,844.4252065292228,177.0194732583288,871.2360000000001,239.40306
172949216340485,838.5458895363151,174.4153994250699,860.9299199999999,233.951895
172949216344718,832.6416949432588,171.94991717262553,854.259552,230.155794
172949216348876,826.7178204931835,169.62292035691524,843.996168,226.36071
172949216353043,820.7794576778601,167.43407687734816,840.682368,227.433384
172949216357231,814.8317810681295,165.38283027995948,837.5304528,225.907308
172949216361374,808.8799378019469,163.46840199321463,834.5734560000001,227.18342700000002
172949216365434,802.9290372696694,161.68979418424016,832.717152,228.179304
172949216369578,796.9841410350534,160.04579322055872,827.7897024,230.16920399999998
172949216373746,791.0502530290192,158.53497371980916,824.62968,230.93649
172949216377970,785.1323100516637,157.15570316747852,821.3735952,231.94718999999998
172949216382152,779.2351726162268,155.90614708034815,814.7351087999999,233.456418
172949216386331,773.3636161667828,154.78427469119424,810.9237168000001,234.59489999999997
172949216390418,767.522322699306,153.78786512827833,807.203808,236.41055999999998
172949216436277,706.4895025135233,150.30437697946286,750.0884687999999,235.03878
172949216440474,701.3331612842163,150.58131465728644,747.8534880000001,235.34793
172949216444532,696.2565056657451,150.94106521155533,746.4386016,234.322578
172949216448609,691.2623051057246,151.37959732770508,742.898736,233.80659
172949216452756,686.3531708862301,151.89281979363733,740.736864,233.94567600000002
172949216456809,681.5315561696791,152.476591123869,738.1002239999999,234.24106500000002
172949216460967,676.7997565603558,153.12672911365786,732.0906288,234.33776999999998
172949216465163,672.1599111657694,153.8390202941432,730.0247616,234.525006
172949216469263,667.6140041401129,154.60922926102126,726.3059039999999,234.921654
172949216473310,663.1638666902827,155.43310785086516,724.6306512,235.18512
172949216477474,658.8111795232605,156.30640414087105,723.3702336,235.11177
172949216481641,654.5574757121624,157.2248712495616,719.6810976,234.38504700000001
172949216485777,650.4041439569236,158.18427591777822,716.978592,234.59607000000003
172949216490029,646.3524322143817,159.18040685114983,711.9118080000001,235.54427400000003
172949216494203,642.4034516715177,160.20908280709438,722.49372,235.394847
172949216498369,638.5581810347413,161.26616041130535,714.6591408,235.949607
172949216502458,634.8174711073901,162.3475416905677,704.6409888,234.69656400000002
172949216506608,631.1820496270834,163.44918131061962,686.9287439999999,233.484498
172949216510837,627.652526334159,164.5670935096361,680.4507600000001,232.85136599999998
172949216515042,624.2293982421829,165.69735871971642,668.3933519999999,229.860297
172949216519171,620.9130550814139,166.83612987052697,663.0473952,228.441384
172949216523234,617.7037848861619,167.97963837094426,658.9109088,227.384595
172949216527380,614.6017796971165,169.12419976618696,650.5317792,224.85706199999998
172949216531576,611.6071413500557,170.26621906946383,646.5856608,223.781553
172949216535960,608.7198873227367,171.40219576863927,640.40544,225.45578700000002
172949216539996,605.9399566123077,172.52872850978292,638.149752,225.31210199999998
172949216544174,603.2672156162121,173.64251946073892,636.167448,224.550378
172949216548349,600.7014639902853,174.7403783590139,632.377872,225.90015300000002
172949216552488,598.2424404585572,175.81922624933742,630.149184,226.04034600000003
172949216556721,595.8898285501718,176.87609891718694,628.5525552,225.80531999999997
172949216560817,593.6432622398037,177.90815002539864,626.2200576,224.996247
172949216565033,591.502331468987,178.91265396169098,624.316752,225.83034
172949216569174,589.466587526852,179.88700840552855,621.0442512,228.169674
172949216573373,587.5355482699182,180.82873662322567,619.0923743999999,228.49827299999998
172949216577505,585.7087031617593,181.73548950056113,617.77944,230.200002
172949216581702,583.9855181145828,182.60504732242697,615.348432,231.815412
172949216585931,582.3654401160056,183.43532130918175,614.60892,232.10940599999998
172949216590079,580.847901625587,184.2243549194214,613.6910495999999,232.73451
172949216594323,579.4323247269523,184.970324928828,611.901216,232.79055300000002
172949216598489,578.1181250226609,185.67154229460135,610.6826016,232.46847
172949216602712,576.9047152602611,186.32645281474845,608.2643232,231.7302
172949216606885,575.7915086793079,186.93363759117767,607.3385472,231.43134600000002
172949216611146,574.7779220704153,187.4918133051587,605.6740368000001,231.56049599999997
172949216615258,573.8633785387389,187.99983231324433,603.3934368,232.952238
172949216619525,573.0473099655832,188.45668257122566,602.2502928,233.59331699999998
172949216623653,572.3291591631296,188.8614873931237,599.5867968,233.11982700000002
172949216627807,571.7083817185562,189.2135050516025,596.158848,232.68969
172949216632015,571.1844475251149,189.51212822552617,591.57288,232.11732600000002
172949216636264,570.7568419989607,189.75688329971763,582.787296,229.46474700000002
172949216640368,570.4250669818023,189.94742952125688,578.7821232,228.080943
172949216644423,570.1886413306432,190.08355801596286,581.733648,213.28428599999998
172949216648543,570.0471011971044,190.16519066797736,577.850688,211.63914
172949216652669,570.0,190.1923788646684,577.3164768,211.172472
172949216656752,570.0469080960065,190.16530210837414,575.9767439999999,208.943991
172949216660879,570.1874121544085,190.08426649583726,575.678232,211.224834
172949216665039,570.4211142430224,189.94970306553955,575.695872,211.495761
172949216669123,570.7476306335041,189.7621660125356,577.26216,209.440854
172949216673313,571.1665903353041,189.52233076983197,592.3361664,191.474505
172949216723023,583.2776405780222,182.96630093921192,562.968288,231.51087
172949216727175,584.866273780513,182.1588604451573,556.9145712000001,238.827402
172949216731315,586.5421331661189,181.319896940339,551.7476928,245.81855700000003
172949216735409,588.3047179462563,180.45157636375444,543.1313232,258.375906
172949216739568,590.1534909094897,179.55613507234438,540.707184,265.513104
172949216743606,592.08787462837,178.6358752839418,538.4002032,272.535426
172949216747760,594.1072477013712,177.69316035274454,537.191064,277.92306
172949216751997,596.2109410512369,176.73040987958495,537.4192896000001,280.027854
172949216756194,598.3982343009702,175.75009466022004,537.767424,282.325536
172949216760415,600.6683522485868,174.75473147584785,537.408576,284.025654
172949216764571,603.020461461482,173.74687773110077,538.9551792,285.6645
172949216768718,605.4536670109387,172.72912594583778,540.8345376,285.28209
172949216772962,607.9670093668373,171.70409810816534,541.0882512000001,285.3243
172949216777105,610.5594614721051,170.67443989723324,541.7966016,285.601563
172949216781268,613.229926015767,169.64281478549293,542.7942624,285.85215
172949216785381,615.9772329227093,168.61189803123568,568.1532384,257.45730299999997
172949216789665,618.800137077416,167.58437057335118,572.05872,252.34506000000002
172949216793721,621.6973162979531,166.56291284135858,585.3577824,235.40691599999997
172949216797971,624.6673695754284,165.55019849482744,591.620544,229.52140199999997
172949216802118,627.7088155929918,164.54888810734752,600.7032864,224.778168
172949216806276,630.8200915371685,163.56162281118645,604.1017008,225.256284
172949216810517,633.9995522129933,162.59101791969977,607.5517536,221.39315100000002
172949216814638,637.2454694729822,161.63965654540345,612.9670752,219.324501
172949216818764,640.5560319684569,160.71008323240306,614.7108575999999,217.477746
172949216823065,643.9293452301878,159.80479762254504,612.7269984,221.445
172949216827145,647.3634320836659,158.92624817525063,624.3297696,209.89179000000001
172949216831250,650.8562334026321,158.07682596147203,626.933376,208.653786
172949216835444,654.4056092027548,157.25885855258014,633.3185520000001,207.587421
172949216839595,658.009340075589,156.4746040252462,636.2652096,206.464617
172949216843788,661.66512896114,155.72624510350983,639.9633168,205.137837
172949216847958,665.3706032555726,155.01588345922767,646.6917888,202.433076
172949216852096,669.1233172487863,154.34553419196868,650.8043712,201.869325
172949216856261,672.9207548847909,153.71712050916267,659.3661504,200.486475
172949216860383,676.7603328360408,153.13246862691432,663.7527072,199.846152
172949216864585,680.6394038811583,152.5933029113678,666.9216,199.73689199999998
172949216868784,684.5552605737668,152.1012412798495,672.9077952,200.88702
172949216872989,688.5051391885465,151.65779088022566,675.3999312,200.665575
172949216877128,692.486223929048,151.26434406599952,678.6338112000001,201.682512
172949216881320,696.4956513803127,150.92217468363822,685.5936912,206.914104
172949216885423,700.5305151879794,150.63243468746572,688.9945248,206.628822
172949216889640,704.5878709442493,150.3961510962036,696.511224,206.750493
172949216893810,708.6647412599174,150.21422330388094,692.360352,214.818183
172949216981197,793.4549854855237,159.13170487775488,770.8149504,213.430293
172949216985350,797.2105698431943,160.10600574608446,773.0510832000001,213.254523
172949216989398,800.9206227593118,161.11965658382854,777.584304,211.987089
172949216993563,804.5829651149484,162.17067207742116,779.9886144000001,211.94398800000002
172949216997687,808.1955035603356,163.25699110224355,782.7272639999999,212.207337
172949217001927,811.7562325591335,164.37648243438673,788.6646720000001,213.258573
172949217006056,815.2632361119468,165.5269505814664,792.2058336,213.99525
172949217010269,818.7146891575892,166.70614171055428,795.6578880000001,213.91344899999999
172949217014375,822.1088586523099,167.91174965142096,801.47448,214.450695
172949217018486,825.444104328878,169.14142195353782,804.9191615999999,215.11367099999998
172949217022693,828.7188791390738,170.39276597565748,810.6547104000001,215.812062
172949217026931,831.9317293847007,171.66335498725624,814.182624,215.64108
172949217031025,835.0812945437833,172.95073426170757,817.9797599999999,216.57897
172949217035251,838.1663068000652,174.25242714171924,823.5947520000001,219.706956
172949217039408,841.1855902852901,175.56594105831942,826.328736,219.711996
172949217043617,844.1380600450708,176.8887734855149,831.949632,218.269638
172949217047799,847.0227207403318,178.21841781363537,834.851808,217.658646
172949217051990,849.8386650974458,179.5523691253456,836.785296,219.62133
172949217056198,852.5850721211808,180.88812985930684,839.6941536,221.001471
172949217060361,855.2612050854956,182.22321534752217,841.6617120000001,220.579263
172949217064468,857.8664093180262,183.5551592134791,843.5730239999999,222.637104
172949217068722,860.4001097947983,184.88151861929998,847.519776,225.94038299999997
172949217072836,862.8618085623066,186.19987935122765,849.2100479999999,227.13183
172949217076925,865.2510820045686,187.50786073388394,852.8022719999999,228.32079299999998
172949217081060,867.5675779731569,188.80312036485526,854.8464960000001,229.69609200000002
172949217085206,869.8110127984678,190.08335866224854,856.852704,231.095187
172949217089352,871.9811682006708,191.3463232189432,859.90536,231.052194
172949217093492,874.0778881188305,192.58981295830358,861.3954144,231.77217600000003
172949217097630,876.101075476681,193.81168208713427,862.643232,232.40178
172949217101769,878.0506889033912,195.0098438426231,865.1922192000001,234.253512
172949217105983,879.9267394274544,196.18227403094346,866.8301759999999,234.67419
172949217110216,881.7292871615243,197.32701435605512,869.1159744,235.71765
172949217114378,883.4584379956418,198.44217553805862,870.5897712000001,236.565414
172949217118594,885.1143403158285,199.52594022121022,872.15256,237.30084
172949217122771,886.6971817644999,200.57656567240258,874.5620112,238.534965
172949217127028,888.2071860585341,201.59238627153624,876.2061024,239.19354
172949217131273,889.6446098801939,202.57181579578116,879.709824,240.30141300000003
172949217135331,891.0097398553526,203.51334950021203,881.2871136000001,240.646797
172949217139438,892.3028896327379,204.4155659977438,882.801792,240.695613
172949217143591,893.524397077064,205.27712894165077,885.3368544,239.695605
172949217147754,894.6746215880856,206.09678851425696,886.1043599999999,239.73836400000002
172949217151929,895.7539415567132,206.873382725627,887.23728,240.030513
172949217156155,896.7627519684042,207.60583852626235,888.645312,239.765076
172949217160199,897.7014621630988,208.29317273792873,889.7253840000001,239.716746
172949217164434,898.5704937600088,208.93449280681685,891.5745599999999,240.172074
172949217168598,899.3702787545757,209.52899738324828,892.2440160000001,240.18984
172949217172857,900.1012577939215,210.07597673211745,892.840896,240.464466
172949217176993,900.7638786361117,210.57481297818921,894.1121856,245.00117699999998
172949217181139,901.3585947975456,211.02498019027252,894.9038400000001,245.38617
172949217185379,901.885864391769,211.42604430814532,896.266368,248.38773299999997
172949217189566,902.3461491620156,211.77766291595586,897.2240687999999,249.60972600000002
172949217193682,902.7399137087698,212.07958486562907,897.5893536,251.193753
172949217197935,903.0676249126655,212.33164975362064,899.153856,250.644168
172949217202176,903.3297515520558,212.53378725414106,899.573472,250.60716
172949217206387,903.5267641136293,212.6860163117641,899.8252416,250.903485
172949217210628,903.6591347935093,212.78844419611522,901.1412864000001,251.91135000000003
172949217214793,903.7273376853594,212.8412654211321,901.6355520000001,252.27061200000003
172949217219046,903.731849151111,212.84476053117987,901.799784,252.92029499999998
172949217223182,903.673148369088,212.79929475613488,902.0329056,253.08342
172949217227377,903.551718053437,212.70531653736614,902.1301488,253.17324
172949217231549,903.3680453379932,212.5633559264205,902.18448,253.99553400000002
172949217235623,903.122622816935,212.37402285809205,902.1329856000001,254.18043000000003
172949217239918,902.8159497338409,212.13800529947247,902.266416,253.907235
172949217244139,902.4485333100924,211.85606727653945,902.2751135999999,254.52173699999997
172949217248337,902.0208902028972,211.52904677981257,902.2542624,254.54093400000002
172949217252470,901.533548082617,211.15785355064284,902.602944,255.32881199999997
172949217256602,900.9870473185233,210.74346674976124,902.759544,255.53689200000002
172949217260825,900.381942761598,210.28693250982,902.7670032,255.652497
172949217265032,899.7188056125466,209.7893613738149,902.1450815999999,254.74709700000002
172949217269255,898.9982253627785,209.25192562145807,902.242656,254.33864999999997
172949217273370,898.2208117957758,208.67585648581561,902.1775248,254.28760200000002
172949217277535,897.387197035986,208.06244126279964,902.083824,254.20233599999997
172949217281623,896.4980376321275,207.41302031640672,901.9964160000001,254.15658
172949217285875,895.5540166616622,206.7289839829725,901.7141760000001,253.693035
172949217289900,894.5558458430562,206.0117693780801,901.443456,253.44407700000002
172949217294155,893.5042676424314,205.26285711019761,901.420992,253.08782999999997
172949217298243,892.4000573612284,204.48376790557177,901.2476160000001,252.4482
172949217302424,891.2440251915984,203.67605914938108,901.1039039999999,251.868276
172949217306640,890.0370182263931,202.84132134865817,900.73656,251.1639
172949217310771,888.7799224108635,201.98117452301554,900.5884560000001,251.227683
172949217314926,887.4736644234472,201.09726452973123,900.6703200000001,250.962714
172949217319053,886.1192134734139,200.19125933031415,900.8117856,250.677
172949217323287,884.7175830035304,199.2648452061916,900.6774624,250.43262299999998
172949217327488,883.2698322864189,198.3197229317231,899.8214399999999,249.851682
172949217331721,881.7770679038249,197.35760391327585,899.3293199999999,249.80190299999998
172949217335963,880.2404450986103,196.38020630361032,898.539984,250.01551800000001
172949217340137,878.6611689899785,195.38925110134588,897.0781536,250.62282
172949217344244,877.0404956431332,194.38645824573564,895.981536,250.41914999999997
172949217348333,875.3797329853741,193.37354271744726,895.3555680000001,249.94229399999998
172949217352545,873.6802415614188,192.35221065643907,893.619864,249.858045
172949217356650,871.9434351216481,191.32415550841722,892.75212,249.54264
172949217360820,870.1707810378164,190.29105421165752,890.6914944,249.534594
172949217364965,868.3638005417617,189.25456343628116,889.8657984,248.95269
172949217369130,866.52406878356,188.21631588826892,888.817896,248.57340299999998
172949217373191,864.653214706585,187.177916690681,885.9859919999999,248.980635
172949217377397,862.7529207379121,186.1409398546349,884.346912,249.03576
172949217381648,860.8249222935266,185.10692485264514,882.75456,248.919354
172949217385813,858.8710070987914,184.07737330688195,879.8043888,249.06156300000004
172949217389938,856.8930143256471,183.05374580481902,878.2032960000001,248.97937500000003
172949217394053,854.8928335489945,182.03745885455692,874.142496,249.297597
172949217398260,852.8724035257189,181.02988199188644,872.3942784,249.915735
172949217402383,850.8337108007102,180.03233505081363,870.4535616000001,250.867494
172949217406541,848.7787881452202,179.0460856089204,865.9603152000001,252.426285
172949217410690,846.7097128337236,178.07234661845206,863.6623776,252.31708799999998
172949217414942,844.6286047663161,177.11227423352045,861.302376,252.665595
172949217419148,842.5376244444592,176.1669658432192,857.573856,254.04006600000002
172949217423296,840.4389708086187,175.2374583198054,855.804528,253.90884599999998
172949217427525,838.3348789469951,174.32472649038687,853.66152,253.04635799999997
172949217431781,836.227617685164,173.4296818398052,852.8787792,252.877914
172949217435982,834.1194870669566,172.55317145158295,852.041232,251.875467
172949217440239,832.0128157373755,171.69597719295405,848.8444320000001,247.64786999999998
172949217444303,829.9099582386963,170.85881514909335,846.2172959999999,244.938627
172949217448542,827.8132922312253,170.04233531073953,841.038264,239.924376
172949217452684,825.7252156503513,169.2471215184309,838.3272479999999,238.038435
172949217456910,823.648143811688,168.47369166560713,835.7469695999999,237.4623
172949217461039,821.5845064761013,167.72249816181431,832.1059584000001,235.81740599999998
172949217465126,819.5367448863965,166.99392865625583,830.69856,234.50418000000002
172949217469300,817.5073087872532,166.28830702089977,829.8175679999999,233.931222
172949217473429,815.4986534398228,165.60589459136003,826.679808,231.616737
172949217477520,813.513236642038,164.9468916627461,825.0344640000001,230.94412200000002
172949217481756,811.5535157653286,164.31143923669657,822.3014304000001,228.31551000000002
172949217485941,809.6219448179472,163.6996210148355,820.8632160000001,228.393396
172949217490059,807.7209715445665,163.1114656329442,819.36756,227.142495
172949217494174,805.8530345711894,162.5469491292219,815.4837216,223.958952
172949217498321,804.0205606037405,162.00599763912936,813.6629280000001,223.099011
172949217502496,802.2259616879439,161.48849030845793,811.6703568,224.47176299999998
172949217506687,800.4716325373273,160.99426241547144,807.5311631999999,222.559461
172949217510872,798.759947935303,160.52310869219912,806.072832,222.003567
172949217515105,797.0932602164452,160.07478683426052,802.686888,221.248449
172949217519238,795.4738968311012,159.64902118792799,800.932608,219.920148
172949217523389,793.9041579965865,159.24550660253658,798.57288,218.461932
172949217527664,792.3863144371923,158.86391243578214,801.158544,207.313002
172949217531847,790.9226052143048,158.50388669895466,800.7730560000001,205.837911
172949217535994,789.5152356469041,158.16506032869302,799.826688,206.853219
172949217548558,785.6526707593844,157.27192341328123,539.8252416,1460.89575
172949217552750,784.4919703425812,157.01401780745272,460.4809536,1725.00696
172949217606664,776.1472005210693,155.30101480723278,805.959864,1876.07385
172949217644223,778.8807296308967,155.83497883308212,811.38168,1902.0043799999999
172949217648353,779.6597200446428,155.99197663295843,796.5396000000001,1905.73758
172949217652439,780.5366182588401,156.17127803806608,770.7085920000001,1909.28826
172949217656515,781.511972087563,156.3739158557284,755.310816,1913.81427
172949217706520,800.9740359369732,161.13462390920267,814.730112,305.329527
172949217710732,803.2377306285746,161.77876518236053,815.715072,310.256082
172949217714944,805.5975680484086,162.47077306089722,813.6944063999999,315.306468
172949217719113,808.0525448399762,163.21305931544936,814.4172,317.872584
172949217764842,840.9136102304351,175.4460001000852,940.839408,1357.45911
172949217769047,844.3817976177336,176.99969153610618,954.16488,1470.77586
172949217798109,870.4157474767944,190.43285471578412,807.855552,1633.9896
172949217802293,874.3434968878352,192.74898451427867,841.6310976,1624.21155
172949217968533,1011.2837279065739,378.210099200173,999.0864,500.53977000000003
172949218059821,1011.8574217345788,519.4207849166532,1005.4245599999999,514.1151000000001
172949218063897,1010.3915095264488,525.3178013151633,1005.1788959999999,515.74482
172949218068051,1008.8213447276432,531.130948655343,1004.434992,524.13237
172949218072245,1007.1514439537996,536.8564806750073,1003.374288,527.473944
172949218076338,1005.3864746819046,542.4908647847701,1001.5441920000001,529.6438800000001
172949218080452,1003.5312415001131,548.030786457136,999.07848,532.8773100000001
172949218084614,1001.5906722024301,553.4731526947138,998.9396640000001,534.37275
172949218088791,999.5698037904999,558.8150945803998,998.6759423999999,544.36887
172949218093029,997.4737684434499,564.0539689173099,996.8862816,549.6471899999999
172949218097174,995.3077795151188,569.1873589708855,994.393728,552.87441
172949218101340,993.0771176159697,574.2130743301764,991.0476432,560.47221
172949218105571,990.7871168347033,579.1291499094947,988.2110879999999,562.6849139999999
172949218109792,988.4431511519427,583.9338441157247,983.0744063999999,566.459046
172949218113953,986.0506210954991,588.6256362102592,972.492768,575.124624
172949218118067,983.6149406836037,593.2032228980205,969.3650880000001,577.50687
172949218122223,981.1415246991796,597.665514179133,965.308896,583.139223
172949218126483,978.6357763347321,602.0116285016722,961.262352,585.4113
172949218130675,976.1030752438247,606.240887256364,956.933568,586.789866
172949218134789,973.5487660313645,610.3528086563263,952.0190640000001,588.4280550000001
172949218138922,970.9781472111493,614.3471010467135,946.086192,591.8805
172949218143069,968.396460655263,618.2236556906857,945.235152,595.301535
172949218147265,965.8088815560957,621.9825390792372,942.3110879999999,602.67519
172949218151346,963.220508917926,625.6239848133081,940.0708223999999,605.081997
172949218155499,960.6363565912476,629.1483851071226,933.1524432,608.777865
172949218159738,958.0613448593379,632.5562819619294,932.639688,609.7674959999999
172949218163934,955.5002925829755,635.848358059287,929.4780384,610.193214
172949218168136,952.9579099057822,639.0254274226869,926.4449520000001,610.2865800000001
172949218172258,950.4387915193297,642.08842589576,925.90164,611.0685000000001
172949218176386,947.947410484059,645.0384014844561,924.97032,613.57185
172949218180592,945.4881125990626,647.8765046095987,924.012144,615.0498299999999
172949218184745,943.0651113110819,650.6039783149243,922.3751952,616.283874
172949218188835,940.6824831504925,653.2221484743544,920.9536704,618.3867600000001
172949218192971,938.3441636797634,655.7324140406288,920.7110879999999,621.055197
172949218197052,936.0539439377748,658.136237375746,921.064032,621.591534
172949218201132,933.815467361555,660.4351347017885,922.796712,622.56285
172949218205267,931.6322271653412,662.6306667088204,923.207616,623.0697299999999
172949218209401,929.5075641555669,664.7244293544659,922.7229120000001,623.74698
172949218213558,927.444664959172,666.7180448877687,922.141872,625.98789
172949218217777,925.44656064181,668.6131531277363,921.907728,627.382584
172949218221960,923.5161256918141,670.4114030248747,921.012192,630.302976
172949218226158,921.6560773453812,672.114444531808,920.8166831999999,630.52632
172949218230240,919.8689752282083,673.7239208069308,920.7766944,630.72702
172949218234384,918.157221288821,675.2414607728631,921.0374496000001,631.005444
172949218238621,916.523059999018,676.6686720493647,921.4547471999999,631.328004
172949218242705,914.9685787972802,678.0071342782255,919.852704,634.28094
172949218246859,913.4957087515163,679.2583928556344,916.6843727999999,641.1278699999999
172949218250988,912.1062254182988,680.4239530854676,913.328784,649.1645100000001
172949218255101,910.8017498766038,681.5052747650168,907.3402560000001,660.43485
172949218259251,909.5837499151116,682.503767212758,902.4992208,666.20214
172949218263419,908.4535413532765,683.4207847459368,900.2695104,668.716065
172949218267576,907.4122894776438,684.2576226139671,893.8298016000001,672.5597399999999
172949218271807,906.4610105762529,685.0155133919515,891.3501504000001,674.7474960000001
172949218275982,905.6005735554153,685.6956238369751,888.5312640000001,677.58984
172949218280181,904.8317016246633,686.29905220828,885.086784,678.37005
172949218284356,904.1549740372405,686.8268260509001,887.6995199999999,682.962084
172949218288457,903.5708278751035,687.279900440912,893.6264160000001,692.1882360000001
172949218292606,903.0795598690332,687.6591566890725,895.446432,696.49416
172949218296759,902.6813282461043,687.9654014982831,895.8901679999999,698.83605
172949218300811,902.3761545983798,688.1993665690736,895.995144,701.460954
172949218304950,902.1639257683381,688.3617086460563,895.7817648,704.2215960000001
172949218309031,902.0443957481192,688.4530099971525,894.9268799999999,706.217805
172949218313115,902.0171875912291,688.473779316258,895.4724239999999,704.2133699999999
172949218317217,902.0817953368407,688.4244530389298,895.5365760000001,705.4652249999999
172949218321426,902.2375859482675,688.3053970596297,895.4446176,706.59207
172949218325614,902.4838012685359,688.1169088380443,895.3502976000001,706.4100629999999
172949218329813,902.8195599972697,687.8592198810143,895.566672,706.71564
172949218333933,903.2438596942727,687.5324985856582,895.858704,706.9539599999999
172949218338081,903.7555788162788,687.1368534283407,895.770432,707.04819
172949218342346,904.3534787943184,686.6723364832333,896.160384,707.28804
172949218346471,905.0362061599911,686.1389472533433,896.4375120000001,707.74002
172949218350637,905.8022947296752,685.5366367960341,896.884848,708.2786699999999
172949218354784,906.6501678563175,684.8653121242227,896.3603568000001,708.9264
172949218359018,907.5781407588983,684.1248408636618,896.184864,709.596315
172949218363259,908.5844229400357,683.3150561459199,896.3482464,710.2368
172949218367367,909.6671207023561,682.4357617159586,896.91408,710.6768639999999
172949218371459,910.8242397743567,681.4867372324792,897.1379999999999,711.170343
172949218375652,912.0536880563757,680.4677437385639,897.525072,712.0278450000001
172949218379852,913.3532784970747,679.3785292795135,898.1036640000001,711.96867
172949218383941,914.7207321104936,678.2188346441928,898.5027744,711.9319770000001
172949218388037,916.1536811432153,676.9883992056991,898.7388048,710.669304
172949218392143,917.6496724005731,675.6869668366921,898.3508543999999,709.990704
172949218396255,919.2061707400615,674.3142918743285,898.5850560000001,710.0964
172949218400380,920.8205627392338,672.8701451094279,898.5129840000001,709.00794
172949218404572,922.4901605443745,671.3543197742332,898.972704,709.047
172949218408628,924.2122059051178,669.766637502979,899.5363199999999,708.56676
172949218412778,925.9838743989758,668.1069542393983,901.313712,707.8616099999999
172949218416966,927.802279848436,666.3751660653141,902.264544,707.40342
172949218421035,929.6644789319048,664.5712149245859,902.0000160000001,707.6142900000001
172949218425217,931.5674759882928,662.6950942169169,905.4088847999999,705.179844
172949218429435,933.5082280135489,660.746854236343,908.0595936,704.486493
172949218433561,935.4836498458519,658.7266074296957,911.666448,703.3838400000001
172949218437726,937.4906195345727,656.6345334508918,913.0530239999999,703.0228500000001
172949218441814,939.5259838864944,654.4708839875902,913.71816,702.14418
172949218445922,941.5865641811286,652.2359873375722,915.771024,701.955504
172949218450120,943.6691620453371,649.9302527131317,917.6239584,701.14284
172949218454211,945.7705654758563,647.5541742528162,918.432,700.70391
172949218458337,947.8875549967138,645.108334721046,919.3692384,698.4890730000001
172949218462510,950.0169099370281,642.5934088774096,920.6239104,697.62195
172949218466699,952.1554148131555,640.0101664988789,923.92272,696.018915
172949218470813,954.2998657977929,637.359475039658,925.4007359999999,693.91728
172949218475005,956.4470772572781,634.6423019150562,928.319472,691.58034
172949218479258,958.5938883371579,631.859716397436,931.61196,686.8359899999999
172949218483315,960.7371695749441,629.0128911141446,934.9850879999999,683.460603
172949218487533,962.873829518023,626.1031031391848,940.5723312,676.9964249999999
172949218491669,965.0008213238084,623.1317346723567,942.3962352,676.19313
172949218495916,967.1151493185316,620.1002733016024,944.5741056,673.43985
172949218500100,969.2138754904836,617.010311846346,949.6406880000001,669.86163
172949218504307,971.2941258931293,613.863547781708,950.9673600000001,668.8683629999999
172949218508509,973.3530969332512,610.6617822455939,951.3864864000001,667.33227
172949218512696,975.3880615192217,607.4069186327406,953.0215632,664.297236
172949218516955,977.396375044554,604.1009607819603,954.6477120000001,662.05017
172949218521033,979.3754811821775,600.7460107648419,956.1617279999999,660.7503899999999
172949218525154,981.3229174652641,597.3442662862819,957.257856,660.4956
172949218529289,983.236320631062,593.8980177091426,958.4997984,658.450665
172949218533472,985.1134317049091,590.4096447173289,961.7768063999999,652.924566
172949218537699,986.952100802545,586.881612633355,963.3332159999999,648.01278
172949218541851,988.7502916298727,583.3164684082893,974.7638496,593.5059630000001
172949218545919,990.5060856605567,579.7168363035562,974.964816,605.7717299999999
172949218550144,992.2176859731757,576.0854132856355,974.835792,611.6697
172949218554315,993.8834207311222,572.4249641560866,975.7481760000001,611.852697
172949218558517,995.5017462900316,568.738316440579,978.9488640000001,609.8835329999999
172949218562648,997.0712499192139,565.0283550617173,982.2742127999999,603.89055
172949218566751,998.5906521253363,561.2980168214145,989.102592,595.26351
172949218570808,1000.0588085684738,557.5502847193206,992.3031791999999,588.65967
172949218574918,1001.4747115625481,553.7881821344816,994.488264,584.50203
172949218579067,1002.8374911541637,550.0147668977856,996.7694399999999,573.43248
172949218583184,1004.1464157758278,546.2331252830876,997.5797279999999,572.874354
172949218587405,1005.4008924715806,542.4463659449373,1000.7322624,568.296576
172949218591664,1006.6004666950644,538.6576138308004,1003.0170816,567.08055
172949218595752,1007.7448216820808,534.8700040953664,1004.6258928,566.664183
172949218599948,1008.8337774016618,531.0866760441397,1006.7347584,567.461817
172949218604139,1009.8672890916184,527.310767132891,1007.49096,568.225764
172949218608271,1010.845445386419,523.5454070488126,1007.7470352,568.70901
172949218612402,1011.7684660470657,519.7937118982954,1008.6999264,569.56698
172949218616591,1012.6366993043713,516.0587785252117,1009.17936,569.743785
172949218620820,1013.4506188286907,512.3436789823836,1010.5782479999999,570.601395
172949218624992,1014.2108203406981,508.65145517762926,1010.6360639999999,570.86082
172949218629171,1014.9180178792462,504.9851137143188,1009.4345279999999,572.447565
172949218633224,1015.5730397436466,501.3476209448958,1011.2169600000001,572.42556
172949218637330,1016.1768241289146,497.7418982541533,1011.6131903999999,572.083533
172949218641509,1016.7304144735748,494.17081758741307,1016.365968,574.706034
172949218645742,1017.2349545405527,490.63719723696,1020.1876847999999,573.31737
172949218649847,1017.6916832524686,487.1437978983292,1022.4095040000001,571.948353
172949218653964,1018.101929303299,483.6933190061611,1024.150824,568.896696
172949218658188,1018.4671055688816,480.28839535752974,1031.826672,564.61743
172949218662380,1018.788703339117,476.93159402874545,1045.5495408,564.2670599999999
172949218666582,1019.0682863949503,473.6254115898105,1013.9726880000001,588.0533399999999
172949218670812,1019.3074849533311,470.3722716188313,1015.3193759999999,589.134015
172949218828696,1016.1493993970224,402.0882766247875,1008.407592,458.01594
172949218832841,1016.1314078916791,401.97720062207986,1087.6420223999999,462.65274000000005
172949218836966,1016.127984245086,401.95609355035725,1081.9977984,459.15569999999997
172949218841056,1016.1391099789489,402.0247194810072,1132.5200544,455.09202000000005
172949218845156,1016.1646763037581,402.1828011078629,1134.574992,453.43233000000004
172949218849239,1016.204485079448,402.4300197727696,1129.692456,451.52163
172949218853367,1016.2582500037865,402.7660153629411,1091.4695568,444.98852999999997
172949218857588,1016.3255980253743,403.1903860846491,1084.1907744,442.183023
172949218861753,1016.4060709779269,403.70268811876673,1067.02884,440.283726
172949218865862,1016.4991274323089,404.3024351646673,1016.2904544,441.793323
172949218869988,1016.6041447625678,404.989097879895,1013.9491584,443.10816
172949218874130,1016.72042142196,405.7621032238819,1036.262448,435.061602
172949218878214,1016.8471794247057,406.6208337148276,1034.563248,435.015513
172949218882425,1016.9835670289106,407.56462660957783,1029.618144,435.07647000000003
172949218886526,1017.1286616157818,408.59277301708926,1032.4610496,440.687367
172949218890672,1017.281472759913,409.70451695664684,1043.264304,444.27815999999996
172949218894824,1017.4409454850552,410.89905437260535,1061.93736,448.617456
172949218899015,1017.6059636993789,412.1755321179003,1067.998752,458.90423999999996
172949218903141,1017.775353803816,413.5330469189952,1061.5433184,464.43627
172949218907334,1017.947888466615,414.9706443352791,1061.9028576,466.97666399999997
172949218911407,1018.1222905567679,416.48731772617873,1073.8771199999999,469.09719000000007
172949218915670,1018.2972372284671,418.08200723943287,1081.27656,474.662214
172949218919920,1018.4713641482381,419.75359883407907,1059.6854879999999,482.952114
172949218924073,1018.6432698558496,421.50092335169074,1013.2811424,461.916144
172949218928262,1018.8115202495646,423.32275564935554,1003.8975264000001,462.10883400000006
172949218932374,1018.9746531857327,425.2178138076781,994.493376,465.85839599999997
172949218936593,1019.1311831821633,427.18475842689753,993.85056,465.671286
172949218940756,1019.2796062141626,429.22219202380234,990.3717359999999,469.45053
172949218944859,1019.4184045915515,431.3286585417649,992.5377119999999,470.49354
172949218948949,1019.5460519044468,433.5026429856653,993.210048,473.46525
172949218953062,1019.6610180250516,435.74257119289365,991.541952,480.52493999999996
172949218957260,1019.7617741521931,438.04680975096824,998.7003360000001,482.47928999999993
172949218961349,1019.8467978848727,440.4136660715211,1007.987328,485.44979399999994
172949218965397,1019.9145783106377,442.84138862960333,1027.129824,488.87325
172949218969600,1019.9636210941868,445.3281673763783,1022.729472,492.13881000000003
172949218973749,1019.9924535512521,447.87213433227294,1019.4540048000001,493.64639999999997
172949219064924,1013.1177355150196,513.8904775889723,1011.6888479999999,542.1560400000001
172949219069146,1012.39389558433,517.1253292358396,1011.623328,541.506456
172949219073269,1011.6324168352476,520.360027365205,1011.6446976,542.5329959999999
172949219077516,1010.8336630584975,523.59198619399,1010.796264,543.3239249999999
172949219081612,1009.9980983249332,526.8186368528003,1009.6354799999999,544.16637
172949219085795,1009.1262865509093,530.037431401073,1008.0487296,545.718384
172949219089904,1008.2188907631594,533.2458467868157,1007.2141919999999,547.957917
172949219094157,1007.2766720668367,536.4413887336566,1007.1848160000001,549.936054
172949219098343,1006.300488321595,539.6215955382197,1004.9165280000001,554.954085
172949219102527,1005.2912925317778,542.7840417612186,1004.8081967999999,556.8316199999999
172949219106671,1004.250130957946,545.9263417961436,1004.196528,561.481083
172949219110943,1003.17814095806,549.0461533000505,1001.294712,567.35343
172949219115085,1002.076548567708,552.1411804715877,999.7411679999999,570.01779
172949219119265,1000.9466658297379,555.2091771622305,995.472,575.8353
172949219123418,999.7898878845915,558.2479498075029,993.4538399999999,578.172366
172949219127616,998.6076898334795,561.2553601659338,990.632232,581.76756
172949219131744,997.4016233873036,564.22932785449,987.3552096,585.82728
172949219135930,996.1733133149327,567.1678326702856,986.0319360000001,587.16765
172949219140071,994.9244537050297,570.0689166895037,984.9867840000001,588.864294
172949219144231,993.6568040561364,572.9306861356488,977.3985168,598.0721040000001
172949219148396,992.3721852101587,575.7513130104137,974.272752,603.695295
172949219152566,991.0724751446976,578.529036481751,967.3824096000001,615.73176
172949219156615,989.7596046399301,581.2621640249338,966.809952,618.56073
172949219160841,988.4355528358569,583.9490723137262,966.673368,623.91474
172949219164959,987.1023426958053,586.5882078600221,964.055088,628.61985
172949219169163,985.7620363920033,589.1780874016291,963.0935423999999,631.90377
172949219173236,984.4167306289401,591.7172980390983,962.5137119999999,633.633147
172949219177410,983.0685519199678,594.204497123811,960.3668736,636.97104
172949219181609,981.7196518323427,596.638411900693,958.8355632,637.883595
172949219185834,980.3722022154782,599.0178389101859,961.280928,648.1084500000001
172949219189956,979.0283904267756,601.3416431551934,964.04652,652.21362
172949219194031,977.6904145688404,603.6087570398873,962.879184,654.30846
172949219198159,976.3604787513368,605.8181790882738,965.99556,663.54138
172949219202202,975.0407883900858,607.968972451439,971.8351200000001,665.26371
172949219206381,973.733545555334,610.0602632133262,982.738728,676.89333
172949219210555,972.4409443803817,612.0912385057904,934.076448,671.39244
172949219214644,971.1651665410218,614.0611444444442,931.229856,671.107365
172949219218808,969.908376815418,615.9692838976027,927.9546192,673.73217
172949219222955,968.6727187332815,617.8150141012368,925.8907680000001,673.8021
172949219227102,967.4603103223465,619.5977441334878,923.6902176000001,671.87313
172949219231344,966.2732399593395,621.3169322627789,920.761056,673.07544
172949219235468,965.1135623317982,622.9720831840087,920.269008,673.56792
172949219239560,963.9832945162848,624.5627451576647,959.9829119999999,685.778994
172949219243643,962.8844121777133,626.0885070670049,916.5033504,675.99162
172949219247774,961.818845893752,627.5489954086303,914.315184,676.825884
172949219251929,960.7884776074666,628.9438712319552,911.6636112,681.5655
172949219256088,959.7951372106778,630.2728270431021,911.8885823999999,683.21412
172949219260316,958.8405992597845,631.5355836887826,946.41984,680.62365
172949219264493,957.9265798251613,632.7318872356469,941.9659200000001,719.9420759999999
172949219268661,957.0547334746441,633.8615058604314,931.0137119999999,728.5689
172949219272792,956.2266503910485,634.9242267660605,941.3255519999999,723.398634
172949219276931,955.4438536231528,635.9198531386023,940.504536,716.5780199999999
172949219281114,954.7077964691575,636.8482011596379,943.9933824,716.75712
172949219285280,954.0198599911937,637.7090970882927,956.6736480000001,717.093405
172949219289509,953.3813506591634,638.5023744267021,965.5610832,716.31279
172949219293686,952.7934981218854,639.2278711822752,966.5369856,713.26557
172949219297836,952.2574531033133,639.8854272395915,964.3679568,711.54639
172949219301898,951.774285421441,640.4748818542234,966.4974719999999,707.97564
172949219306034,951.3449821274087,640.9960712801941,963.216432,704.0094839999999
172949219310231,950.9704457622648,641.4488265421877,963.282672,704.18502
172949219314320,950.6514927288895,641.8329713629412,957.73788,703.17981
172949219318520,950.3888517766114,642.1483202556154,952.50384,700.905096
172949219322726,950.1831625962113,642.3946767902016,949.291488,699.349734
172949219326798,950.0349745231415,642.5718320423255,948.930336,697.05117
172949219330967,949.9447453470233,642.6795632320475,942.128784,692.474697
172949219335144,949.9128402257376,642.7176325594896,938.0042784000001,688.8161699999999
172949219339305,949.9395307027146,642.6857862433433,935.018784,686.02797
172949219343434,950.024993826353,642.5837537675136,928.0450079999999,682.37406
172949219347533,950.1693113708637,642.4112473403319,928.0173599999999,681.1559100000001
172949219351753,950.372469158203,642.1679615699579,928.3083839999999,683.310825
172949219355917,950.6343564811664,641.8535733587422,928.6871904,684.31671
172949219360028,950.954765628128,641.4677420184832,928.937664,685.04265
172949219364150,951.3333915103138,641.0101096076746,929.541456,685.2365100000001
172949219368252,951.7698313929628,640.4803014909353,929.7336384,685.38942
172949219372396,952.2635847320998,639.8779271200175,929.919888,685.76724
172949219376606,952.8140531191052,639.2025810348644,929.5164864000001,685.0773899999999
172949219380736,953.4205403356475,638.4538440823492,929.4096959999999,684.31455
172949219384861,954.0822525219309,637.6312848494595,928.0802016,683.993826
172949219388947,954.7982984615801,636.7344613068159,927.7888320000001,683.688213
172949219393095,955.5676899868149,635.7629226575525,927.799056,682.51626
172949219397224,956.3893425078523,634.7162113857505,928.241424,681.0516
172949219401406,957.2620756707842,633.5938654977097,929.092176,681.74703
172949219405626,958.1846141483284,632.3954209485861,929.511072,681.56037
172949219409788,959.1555885680933,631.1204142460172,930.175488,679.99653
172949219413953,960.1735365830832,629.76838522158,931.077936,679.8155399999999
172949219418047,961.2369040892474,628.3388799601345,932.274864,679.399416
172949219422194,962.3440465949041,626.8314538763027,934.712496,677.93139
172949219426334,963.4932307468141,625.2456749265978,935.434512,677.95398
172949219430464,964.682636017565,623.5811269449989,936.387936,675.305883
172949219434665,965.9103565587959,621.8374130890181,936.99936,674.7336
172949219438757,967.1744032244953,620.0141593827249,938.4271200000001,674.14428
172949219442893,968.4727057683714,618.1110183424761,941.3353440000001,673.16148
172949219447068,969.803115218878,616.1276726705818,942.4147679999999,673.388955
172949219451138,971.1634064350824,614.0638390015473,943.781328,673.84566
172949219455321,972.5512808460444,611.9192716850664,946.406016,673.96203
172949219459495,973.96436937583,609.6937665894852,947.5882559999999,673.5415230000001
172949219463712,975.400235555659,607.3871649090671,950.0076,673.31898
172949219467814,976.8563788240103,604.999356958074,951.98184,672.907284
172949219471958,978.3302380147644,602.5302859344175,953.2969056,672.349977
172949219476130,979.8191950326951,599.979951635418,955.5329664,669.82644
172949219567564,1010.6693281308192,524.238411108928,1013.1307200000001,580.35321
172949219571719,1011.7203857306317,519.9944036989491,1014.336432,575.048124
172949219575909,1012.7189659176279,515.6932796571659,1016.659584,566.909874
172949219580125,1013.6626456176673,511.337187487138,1016.3465855999999,561.4109100000001
172949219584270,1014.5490819068107,506.92836154198505,1017.599904,554.26788
172949219588419,1015.3760171709503,502.46911930103744,1018.926864,550.3864500000001
172949219592562,1016.141284092572,497.96185834600834,1020.7231199999999,545.6555099999999
172949219596679,1016.842810446411,493.4090530451443,1024.113168,539.7291
172949219600922,1017.4786236862928,488.81325095516905,1024.8218496,538.09488
172949219605055,1018.0468553060609,484.17706895226655,1025.8513056,532.4883299999999
172949219609186,1018.5457449582192,479.5031891046023,1025.1703296,529.22781
172949219613398,1018.9736443147407,474.7943543001816,1024.945272,526.79205
172949219617572,1019.3290206553978,470.053363645045,1026.913032,520.47342
172949219621608,1019.6104601699851,465.28306764788204,1026.495648,516.807387
172949219625738,1019.8166709618818,460.4863632082232,1026.3856896,514.38879
172949219629925,1019.9464857415696,455.6661884262996,1026.4833648000001,509.20944299999996
172949219634052,1019.9988641999569,450.82551725350027,1027.264752,506.73123
172949219638193,1019.9728950526435,445.9673540031723,1027.3787568,506.44998
172949219642353,1019.8677977476275,441.0947277420628,1028.0264256,504.5751
172949219646451,1019.6829238303333,436.2106865833458,1028.1124368,502.91675999999995
172949219650570,1019.4177579612818,431.31829190252483,1027.8288432000002,500.058495
172949219654744,1019.0719185831804,426.42061249787105,1026.6850656,498.027636
172949219658861,1018.6451582356829,421.5207187172161,1026.725328,495.398745
172949219663045,1018.137363517565,416.6216765730311,1025.2701504,492.22557000000006
172949219667170,1017.5485546975335,411.7265418676487,1024.7876064,489.317913
172949219671385,1016.8788849763778,406.8383543503885,1024.6654656,486.50067
172949219675543,1016.1286394046089,401.96013192800035,1024.321968,480.66311700000006
172949219679683,1015.2982334611785,397.09486494954075,1024.1663616,477.806355
172949219683890,1014.3882113002419,392.2455105862399,1023.032592,473.91768
172949219688050,1013.3992436742853,387.4149873263785,1023.3107136000001,471.32447399999995
172949219692136,1012.3321255432177,382.6061696044484,1022.742,468.68688
172949219696326,1011.1877733802651,377.8218825831303,1018.026576,448.38766799999996
172949219700534,1009.9672221866506,373.06489710569326,1015.1799839999999,437.778135
172949219704700,1008.6716222281515,368.33792483553077,1012.2937487999999,430.117317
172949219708943,1007.3022355075899,363.6436135984063,1006.9967519999999,415.92816
172949219713135,1005.8604319882802,358.9845429420156,1006.2305856,409.555053
172949219717328,1004.3476855842384,354.3632199261859,1004.1471359999999,401.320593
172949219721476,1002.765569933719,349.7820751558929,1003.71384,396.954378
172949219725714,1001.1157539732737,345.24345906799965,1002.321504,395.008542
172949219729927,999.3999973300623,340.749638481325,1001.2944959999999,390.697245
172949219734174,997.6201455505802,336.3027934183314,1000.818792,389.58894
172949219738421,995.778125184321,331.90501420542444,998.6665823999999,385.630335
172949219742545,993.8759387410851,327.55829885741764,996.322608,384.0786
172949219746719,991.9156595408429,323.2645507505164,994.983984,381.67353
172949219750857,989.8994264750318,319.0255765866905,992.3105664,376.02612
172949219754948,987.8294386981531,314.84308465109063,991.4817599999999,373.10790599999996
172949219759137,985.7079502683555,310.7186833628101,990.2228112,370.82376
172949219763230,983.5372647554602,306.6538801180495,988.6716864,365.61802500000005
172949219767385,981.3197298345397,302.65008042349245,987.171192,363.656502
172949219771595,979.0577318827732,298.7085873165525,983.6279999999999,357.472215
172949219775776,976.7536905967672,294.8306010679313,981.3664799999999,355.624272
172949219779812,974.410053647036,291.017219160966,979.786944,354.486483
172949219784028,972.0292913856342,287.26943654108766,977.3705232,351.74733299999997
172949219788156,969.613891622313,283.58814612785477,976.3877664,348.94187999999997
172949219792252,967.1663544837807,279.97413958106813,974.599776,344.53253700000005
172949219796444,964.6891873698935,276.4281083116822,974.5103088,335.06874
172949219800574,962.1849000197512,272.9506447274571,974.6828640000001,330.27088499999996
172949219804777,959.6559996998161,269.54224370262784,973.9488096,323.83908
172949219808947,957.1049865252788,266.20330426025794,973.852272,320.932053
172949219813044,954.534348924982,262.9341314554289,974.170584,317.901636
172949219817197,951.9465592592687,259.7349384469484,972.1271519999999,314.69166
172949219821388,949.3440695992006,256.60584874490894,970.941312,313.972713
172949219825654,946.7293076746234,253.54689862110612,968.223168,311.988897
172949219829765,944.1046729976399,250.5580396691285,966.7268640000001,310.10724000000005
172949219833963,941.4725331670838,247.63914150074635,965.102976,307.978056
172949219838085,938.8352203586987,244.78999456517784,963.3019680000001,304.73874
172949219842324,936.1950280047823,242.01031307776012,960.8659776,300.850083
172949219846436,933.5542076662152,239.29973804464552,959.2075583999999,298.410183
172949219850604,930.9149660988919,236.65784037020882,955.8890784,292.318488
172949219854715,928.2794625157726,234.08412403405603,953.846136,289.709262
172949219858870,925.6498060449692,231.57802932473442,949.873392,285.44491800000003
172949219862970,923.0280533835189,229.13893611752425,947.564064,282.948057
172949219867032,920.4162066457759,226.76616718400936,945.6588,281.090088
172949219871161,917.8162114046795,224.4589915214993,941.5564704000001,278.28837000000004
172949219875295,915.229954923504,222.2166276907672,939.676464,276.656418
172949219879546,912.6592645751343,220.0382471510351,937.801728,275.0724
172949219883655,910.105906445311,217.92297758156522,936.1187567999999,272.605887
172949219887754,907.5715841158473,215.86990617976585,934.305408,271.616688
172949219891889,905.0579376233106,213.8780829261991,932.6129183999999,270.239373
172949219896143,902.5665425882903,211.9465238074479,928.7504640000001,268.75746
172949219900223,900.0989095099847,210.07421398833688,927.0531360000001,268.386984
172949219904459,897.6564832205345,208.26011092558193,923.109264,265.33862999999997
172949219908648,895.2406424932497,206.5031474155096,921.215808,264.43044000000003
172949219912790,892.8526997986575,204.8022345690826,920.330064,263.627082
172949219916921,890.4939012020868,203.1562647080282,917.0672543999999,260.971425
172949219921154,888.1654263963876,201.56411417647178,914.895936,259.877916
172949219925247,885.8683888632473,200.0246460630357,911.3734079999999,256.294188
172949219929352,883.6038361565203,198.536712828949,910.150344,254.53173600000002
172949219933561,881.3727503009221,197.09915883825877,908.308944,252.755388
172949219937705,879.1760482994657,195.71082278680018,903.7044576,249.30243
172949219941920,877.0145827430217,194.37054002710335,899.7677279999999,245.91391199999998
172949219946079,874.8891425154623,193.07714478695203,895.0757184,242.626455
172949219950246,872.8004535879058,191.82947227979292,889.800192,237.946536
172949219954308,870.7491798957185,190.62636070570255,887.337072,235.830762
172949219958464,868.7359242920269,189.4666531420662,881.371296,232.54194599999997
172949219962557,866.7612295716771,188.34919932358412,878.9322239999999,232.51355999999998
172949219966606,864.825579559711,187.27285731163244,877.120848,232.24851
172949219970754,862.9294002586395,186.2364950534179,873.8272224,229.91351400000002
172949219974924,861.0730610489651,185.2389918317371,872.4650399999999,228.51432
172949219979073,859.2568759376434,184.27923960652265,871.458552,227.56070699999998
